id,listing_type,title,property_name,project,location,price,price_per_sqft,area,area_unit,area_type,bhk,bathrooms,possession,highlights,nearby,description,builder,posted_by,image,url,configurations,source_page
O92618820,PROPERTY,"2 BHK Flat in Dhokali, Thane West","2 BHK Flat in Dhokali, Thane West",The Icon by Risland,"Dhokali, Thane West",₹1.46 Cr,"₹18,838 /sqft",775 sqft,(111 sqm),Carpet Area,2 BHK,2,Ready To Move,5th out of 30 Floors | Overlooking Main Road,,"This residential flat is north-East-Facing direction. The flat is over 1200 sq.Ft. Super built up area and comes with 2 bedroom(s), 2 bathrooms and more than 3 balconies. This flat lies on the 5th level of a 30 storey building. An added advantage of this 0-1 year old flat is that it is available for immediate possession as the project is already ready to move. The flat comes well built with vit...",Peacock Housing,,,https://www.99acres.com/2-bhk-bedroom-apartment-flat-for-sale-in-the-icon-by-risland-dhokali-naka-mumbai-thane-1200-sqft-spid-O92618820,,1
Z93348572,PROPERTY,"1 BHK Flat in Kasar Vadavali, Thane","1 BHK Flat in Kasar Vadavali, Thane",Green Square,"Kasar Vadavali, Thane",₹52.99 Lac,"₹12,586 /sqft",421 sqft,(39 sqm),Carpet Area,1 BHK,1,Ready To Move,5th out of 10 Floors,,"Located in green square, kasar vadavali, thane, this 1 bhk flat offers 421 sqft of unfurnished living space on the 5th floor of a mid-Rise building. A 5-10 year old property, it features 1 bedroom and 1 bathroom, available for immediate sale. Nearby are key amenities like dhanlaxmi shopping and multiple religious sites, enhancing everyday convenience.",Owner,Yesterday,,https://www.99acres.com/1-bhk-bedroom-apartment-flat-for-sale-in-green-square-kasar-vadavali-thane-421-sqft-spid-Z93348572,,1
C90753460,PROPERTY,"2 BHK Flat in Kalwa, Thane","2 BHK Flat in Kalwa, Thane",Shree Krupa Nandanvan Homes,"Kalwa, Thane",₹1.7 - 1.75 Cr,"₹21,216 /sqft",807-819 sqft,(75 - 76 sqm),Carpet Area,2 BHK,,Under Construction,1st out of 33 Floors,,"Book your 2 BHK apartment in Kalwa, Thane at a price ranging from Rs. 1.7 Crore to Rs. 1.75 Crore. The Shree Krupa Nandanvan Homes hosts exclusively designed 3 towers, each presenting an epitome of class and simplicity. The residential apartments have a carpet area of 807.0 sq. ft. to 819.0 sq. ft. and are an under construction. With an impressive layout and a comprehensive range of amenities, ...",SHREEKRUPA BUILDERS,Builder,,https://www.99acres.com/2-bhk-bedroom-apartment-flat-for-sale-in-shree-krupa-nandanvan-homes-kalwa-thane-807-sqftto-819-sqft-npspid-C90753460,,1
354320,PROJECT,Dosti Greater Thane,Dosti Greater Thane,,"Kalher, Thane West",₹44.03 - 49.96 L,,,,,1 BHK,,,,Leo International School | National Highway 848,Finest 1 BHK apartments in Kalher available for sale in Dosti Greater Thane. Apartment prices in this housing society vary in the range of Rs. 44.03 - 49.96 L. Apartments in Dosti Greater Thane have CARPET area ranging between 339 - 385 sqft. Dosti Greater Thane 's RERA registration number is P51700024923,Dosti Realty,,,https://www.99acres.com/dosti-greater-thane-kalher-mumbai-thane-npxid-r354320,1 BHK Apartment: ₹44.03 - 49.96 L,1
400444,PROJECT,Ashar Pulse,Ashar Pulse,,"Majiwada, Thane",₹79.04 L - 1.07 Cr | ₹1.62 - 2.14 Cr | ₹2.69 - 2.74 Cr,,,,,3 BHK,,,,Ghodbunder Road | Spring Buds International School,"Beautiful 1,2,3 BHK apartments in Majiwada, are now available in Ashar Pulse housing project. Ashar Pulse 's RERA registration number is P51700047432. This society offers apartments in the price range of Rs. 79.04 L - 2.74 Cr. Apartments in Ashar Pulse have CARPET area ranging between 308 - 1,091 sqft",Ashar,,,https://www.99acres.com/ashar-pulse-majiwada-mumbai-thane-npxid-r400444,1 BHK Apartment: ₹79.04 L - 1.07 Cr | 2 BHK Apartment: ₹1.62 - 2.14 Cr | 3 BHK Apartment: ₹2.69 - 2.74 Cr,1
403476,PROJECT,Runwal One,Runwal One,,"Manpada, Thane",₹1.06 - 1.22 Cr | ₹1.29 - 1.8 Cr | ₹2.15 - 3.19 Cr,,,,,3 BHK,,,,National Highway 48 | R-Mall Thane west,"Check out 1,2,3 BHK apartments in Manpada, now available for sale at Runwal One. Runwal One apartments are available in multiples sizes, ranging from 441 - 1,277 sqft CARPET area. Runwal One 's RERA registration number is P51700048278. Apartments in this complex are available in price range of Rs. 1.06 - 3.19 Cr",Runwal Realty,,,https://www.99acres.com/runwal-one-manpada-mumbai-thane-npxid-r403476,1 BHK Apartment: ₹1.06 - 1.22 Cr | 2 BHK Apartment: ₹1.29 - 1.8 Cr | 3 BHK Apartment: ₹2.15 - 3.19 Cr,1
309903,PROJECT,Crown Kolshet,Crown Kolshet,,"Kolshet Road, Thane",₹62 - 93.49 L | ₹1.02 Cr,,,,,2 BHK,,,,NaMo Grand Central Park | R Mall Thane,"Crown Kolshet, one of the known housing societes in Thane, brings classic yet modern 1,2 BHK apartments in Kolshet Road. Apartments in Crown Kolshet have CARPET area ranging between 317 - 530 sqft. This society offers apartments in the price range of Rs. 62 L - 1.02 Cr. Crown Kolshet is a RERA- registered society and P51700045858 is the RERA registration number",Lodha,,,https://www.99acres.com/crown-kolshet-kolshet-road-thane-npxid-r309903,1 BHK Apartment: ₹62 - 93.49 L | 2 BHK Apartment: ₹1.02 Cr,1
447675,PROJECT,Estella at Kalpataru Parkcity,Estella at Kalpataru Parkcity,,"Kolshet, Thane West",₹1.85 Cr | ₹2.46 Cr | ₹4.8 Cr,,,,,4 BHK,,,,Kuantum Leap International School | R Mall Thane,"Looking for your dream home? Explore 2,3,4 BHK apartments in Kolshet, now available in Estella at Kalpataru Parkcity. Estella at Kalpataru Parkcity 's RERA registration number is PR1332022500106. Estella at Kalpataru Parkcity has apartments in multiple configurations, in range of 783 - 1,748 sqft. Prices of apartments in this project, vary between Rs. 1.85 - 4.8 Cr",Kalpataru,,,https://www.99acres.com/estella-at-kalpataru-parkcity-kolshet-mumbai-thane-npxid-r447675,2 BHK Apartment: ₹1.85 Cr | 3 BHK Apartment: ₹2.46 Cr | 4 BHK Apartment: ₹4.8 Cr,1
463127,PROJECT,TenX District 9,TenX District 9,,"Pokharan Road, Thane West",₹1.59 - 1.99 Cr,,,,,2 BHK,,,,Lake Shore Mall | Tikuji-ni-Wadi Amusement Park,"Looking for your dream home? Explore 2 BHK apartments in Pokharan Road, now available in TenX District 9. Here units have different sizes, mostly in range of 600 - 745 sqft CARPET area. TenX District 9 's RERA registration number is PM1331012502632. Apartment prices in this housing society vary in the range of Rs. 1.59 - 1.99 Cr",Raymond Realty,,,https://www.99acres.com/tenx-district-9-pokharan-road-mumbai-thane-npxid-r463127,2 BHK Apartment: ₹1.59 - 1.99 Cr,1
405058,PROJECT,Raymond Realty Ten X Era,Raymond Realty Ten X Era,,"Pokharan Road, Thane West",₹1.51 - 1.96 Cr | ₹2 - 2.46 Cr,,,,,3 BHK,,,,Viviana Mall | Fortune Park Lake City,"Raymond Realty Ten X Era society now offers elegantly built 2,3 BHK apartments in Pokharan Road. The housing society is RERA-registered with P51700049520 registration number. Raymond Realty Ten X Era apartments are available in multiples sizes, ranging from 595 - 894 sqft CARPET area. Apartment prices in this housing society vary in the range of Rs. 1.51 - 2.46 Cr",Raymond Realty,,,https://www.99acres.com/raymond-realty-ten-x-era-pokharan-road-mumbai-thane-npxid-r405058,2 BHK Apartment: ₹1.51 - 1.96 Cr | 3 BHK Apartment: ₹2 - 2.46 Cr,1
18546,PROJECT,Runwal Lands End,Runwal Lands End,,"Kolshet, Thane West",₹79 - 99 L | ₹1.11 - 1.49 Cr,,,,,2 BHK,,,,"Kendriya Vidyalaya, Air Force Station | Deloitte ithink lodha","Finest 1,2 BHK apartments in Kolshet available for sale in Runwal Lands End. The housing society is RERA-registered with P51700033799 registration number. Runwal Lands End has apartments in multiple configurations, in range of 354 - 676 sqft. Prices of apartments in this project, vary between Rs. 79 L - 1.49 Cr",Runwal Realty,,,https://www.99acres.com/runwal-lands-end-kolshet-mumbai-thane-npxid-r18546,1 BHK Apartment: ₹79 - 99 L | 2 BHK Apartment: ₹1.11 - 1.49 Cr,1
386074,PROJECT,The Address By GS Thane,The Address By GS Thane,,"Pokhran 2, Thane",₹2.3 - 2.99 Cr | ₹3.56 - 4.68 Cr,,,,,4 BHK,,,,Smt Sunitidevi School | Bethany Hospital,"Finest 3,4 BHK apartments in Pokhran 2 available for sale in The Address By GS Thane. Apartments in The Address By GS Thane have CARPET area ranging between 991 - 1,928 sqft. Apartments in this complex are available in price range of Rs. 2.3 - 4.68 Cr. The Address By GS Thane 's RERA registration number is P51700031762",Raymond Realty,,,https://www.99acres.com/the-address-by-gs-thane-pokhran-2-mumbai-thane-npxid-r386074,3 BHK Apartment: ₹2.3 - 2.99 Cr | 4 BHK Apartment: ₹3.56 - 4.68 Cr,1
343401,PROJECT,Kalpataru Parkcity,Kalpataru Parkcity,,"Kolshet Industrial Area, Thane West",₹1.65 - 2.79 Cr | ₹3.16 - 5.62 Cr | ₹6.15 Cr,,,,,4 BHK,,,,NaMo Central Park | R Mall,"Kalpataru Parkcity society now offers elegantly built 2,3,4 BHK apartments in Kolshet Industrial Area. Here units have different sizes, mostly in range of 470 - 1,753 sqft CARPET area. This society offers apartments in the price range of Rs. 1.65 - 6.15 Cr. This society is RERA approved and P51700020175 is the RERA number",Kalpataru,,,https://www.99acres.com/kalpataru-parkcity-kolshet-industrial-area-mumbai-thane-npxid-r343401,2 BHK Apartment: ₹1.65 - 2.79 Cr | 3 BHK Apartment: ₹3.16 - 5.62 Cr | 4 BHK Apartment: ₹6.15 Cr,1
464994,PROJECT,Crest Avenue,Crest Avenue,,"Naupada, Thane West",₹1.22 - 1.45 Cr | ₹1.77 - 2.19 Cr | ₹2 - 2.7 Cr,,,,,3 BHK,,,,Thane Railway Station | Korum Mall,"Choose your dream home from the wide variety of 1,2,3 BHK apartments in Naupada, available for sale in Crest Avenue. Apartment prices in this housing society vary in the range of Rs. 1.22 - 2.7 Cr. Here units have different sizes, mostly in range of 486 - 1,083 sqft CARPET area. This society is RERA approved and PM1330002600029 is the RERA number",Shree Krishna Group,,,https://www.99acres.com/crest-avenue-naupada-mumbai-thane-npxid-r464994,1 BHK Apartment: ₹1.22 - 1.45 Cr | 2 BHK Apartment: ₹1.77 - 2.19 Cr | 3 BHK Apartment: ₹2 - 2.7 Cr,1
429967,PROJECT,Dosti Willow,Dosti Willow,,"Balkum, Thane",₹1.82 Cr | ₹2.76 - 2.78 Cr,,,,,3 BHK,,,,EuroSchool Balkum | University of Mumbai,"Dosti Willow, one of the known housing societes in Thane, brings classic yet modern 2,3 BHK apartments in Balkum. Dosti Willow apartments are available in multiples sizes, ranging from 833 - 1,275 sqft CARPET area. This society is RERA approved and P51700056278 is the RERA number. Apartments in this complex are available in price range of Rs. 1.82 - 2.78 Cr",Dosti Realty,,,https://www.99acres.com/dosti-willow-balkum-mumbai-thane-npxid-r429967,2 BHK Apartment: ₹1.82 Cr | 3 BHK Apartment: ₹2.76 - 2.78 Cr,1
5518,PROJECT,Magnolias Neelkanth Greens,Magnolias Neelkanth Greens,,"Manpada, Thane",₹1.55 - 1.65 Cr | ₹2.17 Cr,,,,,3 BHK,,,,High Street Mall | St. Xaviers English High School,"Magnolias Neelkanth Greens, one of the known housing societes in Thane, brings classic yet modern 2,3 BHK apartments in Manpada. The housing society is RERA-registered with P51700013969 registration number. Apartment prices in this housing society vary in the range of Rs. 1.55 - 2.17 Cr. Here units have different sizes, mostly in range of 740 - 989 sqft CARPET area",Neelkanth Group Mumbai Thane,,,https://www.99acres.com/magnolias-neelkanth-greens-manpada-mumbai-thane-npxid-r5518,2 BHK Apartment: ₹1.55 - 1.65 Cr | 3 BHK Apartment: ₹2.17 Cr,1
464582,PROJECT,Dosti Primus,Dosti Primus,,"Balkum, Thane",₹1.53 - 1.82 Cr | ₹2.21 - 2.38 Cr,,,,,3 BHK,,,,Balkum Naka Metro Station (upcoming) | Narayana eTechno (CBSE) School,"Here are beautifully built 2,3 BHK apartments in Balkum, available for sale at Dosti Primus. The housing society is RERA-registered with PM1331012500812 registration number. Here units have different sizes, mostly in range of 794 - 1,232 sqft CARPET area. This society offers apartments in the price range of Rs. 1.53 - 2.38 Cr",Dosti Realty,,,https://www.99acres.com/dosti-primus-balkum-mumbai-thane-npxid-r464582,2 BHK Apartment: ₹1.53 - 1.82 Cr | 3 BHK Apartment: ₹2.21 - 2.38 Cr,1
413108,PROJECT,Dosti Heron,Dosti Heron,,"Balkum, Thane",₹1.26 Cr,,,,,2 BHK,,,,Narayana E Techno School | University of Mumbai Thane,"Spacious 2 BHK apartments in Balkum are available for sale.Check out latest property options at Dosti Heron housing society. Here units have different sizes, mostly in range of 604 sqft CARPET area. Dosti Heron is a RERA- registered society and P51700050253 is the RERA registration number. Prices of apartments in this project, vary between Rs. 1.26 Cr",Dosti Realty,,,https://www.99acres.com/dosti-heron-balkum-mumbai-thane-npxid-r413108,2 BHK Apartment: ₹1.26 Cr,1
462339,PROJECT,Puraniks Rahayu,Puraniks Rahayu,,"Ghodbunder Road, Thane",₹49.99 - 59.74 L | ₹89.99 L - 1.08 Cr,,,,,2 BHK,,,,State Highway 42 | Solaris Super Speciality Hospital,"Puraniks Rahayu society now offers elegantly built 1,2 BHK apartments in Ghodbunder Road. Apartments in Puraniks Rahayu have CARPET area ranging between 351 - 706 sqft. Prices of apartments in this project, vary between Rs. 49.99 L - 1.08 Cr. This society is RERA approved and PR1332022501317 is the RERA number",Puraniks,,,https://www.99acres.com/puraniks-rahayu-ghodbunder-road-mumbai-thane-npxid-r462339,1 BHK Apartment: ₹49.99 - 59.74 L | 2 BHK Apartment: ₹89.99 L - 1.08 Cr,1
387304,PROJECT,Dosti Nest,Dosti Nest,,Thane West,₹64 L,,,,,1 BHK,,,,CP Goenka International School | Rustomjee Cambridge School,"Looking for your dream home? Explore 1 BHK apartments in Thane West, now available in Dosti Nest. Apartments in this complex are available in price range of Rs. 64 L. Dosti Nest is a RERA- registered society and P51700033640 is the RERA registration number. Here units have different sizes, mostly in range of 322 sqft CARPET area",Dosti Realty,,,https://www.99acres.com/dosti-nest-thane-west-mumbai-npxid-r387304,1 BHK Apartment: ₹64 L,1
463509,PROJECT,Dosti 604,Dosti 604,,"Wagle Industrial Estate, Thane West",₹1.49 Cr | ₹2.42 - 2.49 Cr,,,,,3 BHK,,,,Wagle Industrial Estate | National Highway 48,"Dosti 604, one of the known housing societes in Thane, brings classic yet modern 2,3 BHK apartments in Wagle Industrial Estate. Prices of apartments in this project, vary between Rs. 1.49 - 2.49 Cr. Apartments in Dosti 604 have CARPET area ranging between 700 - 1,100 sqft. This society is RERA approved and PR1330002502719 is the RERA number",Dosti Group,,,https://www.99acres.com/dosti-604-wagle-industrial-estate-mumbai-thane-npxid-r463509,2 BHK Apartment: ₹1.49 Cr | 3 BHK Apartment: ₹2.42 - 2.49 Cr,1
428349,PROJECT,Ashar Merac,Ashar Merac,,"Wagle Estate, Thane West",₹1.08 Cr | ₹1.35 - 1.7 Cr | ₹2.08 - 2.25 Cr | ₹3.26 - 3.36 Cr,,,,,4 BHK,,,,R Mall | Ashar IT Park,"Beautiful 1,2,3,4 BHK apartments in Wagle Estate, are now available in Ashar Merac housing project. Apartments in this complex are available in price range of Rs. 1.08 - 3.36 Cr. This society is RERA approved and P51700056361 is the RERA number. Ashar Merac has apartments in multiple configurations, in range of 444 - 1,342 sqft",Ashar,,,https://www.99acres.com/ashar-merac-wagle-estate-mumbai-thane-npxid-r428349,1 BHK Apartment: ₹1.08 Cr | 2 BHK Apartment: ₹1.35 - 1.7 Cr | 3 BHK Apartment: ₹2.08 - 2.25 Cr | 4 BHK Apartment: ₹3.26 - 3.36 Cr,1
1184,PROJECT,Puraniks Rumah Bali,Puraniks Rumah Bali,,"Ghodbunder Road, Thane",₹49.99 - 69.32 L | ₹79.88 - 96.02 L | ₹1.05 - 1.07 Cr,,,,,3 BHK,,,,National Highway 48 | Podar International School,"Looking for your dream home? Explore 1,2,3 BHK apartments in Ghodbunder Road, now available in Puraniks Rumah Bali. This society is RERA approved and P51700000689 is the RERA number. Apartments in this complex are available in price range of Rs. 49.99 L - 1.07 Cr. Apartments in Puraniks Rumah Bali have CARPET area ranging between 330 - 691 sqft",Puraniks,,,https://www.99acres.com/puraniks-rumah-bali-ghodbunder-road-mumbai-thane-npxid-r1184,1 BHK Apartment: ₹49.99 - 69.32 L | 2 BHK Apartment: ₹79.88 - 96.02 L | 3 BHK Apartment: ₹1.05 - 1.07 Cr,1
460474,PROJECT,Poonam Chhaya,Poonam Chhaya,,"Panch Pakhadi, Thane West",₹1.49 - 2.02 Cr | ₹1.96 - 2.42 Cr,,,,,3 BHK,,,,Eastern Expressway | RTO Metro Station,"Poonam Chhaya, one of the known housing societes in Thane, brings classic yet modern 2,3 BHK apartments in Panch Pakhadi. This society offers apartments in the price range of Rs. 1.49 - 2.42 Cr. Poonam Chhaya has apartments in multiple configurations, in range of 661 - 1,074 sqft. Poonam Chhaya is a RERA- registered society and PR1330002501631 is the RERA registration number",Emperor Group,,,https://www.99acres.com/poonam-chhaya-panch-pakhadi-mumbai-thane-npxid-r460474,2 BHK Apartment: ₹1.49 - 2.02 Cr | 3 BHK Apartment: ₹1.96 - 2.42 Cr,1
435543,PROJECT,Embassy One Thane,Embassy One Thane,,"Pokhran 2, Thane",₹1.95 - 2.13 Cr | ₹2.51 - 2.61 Cr,,,,,3 BHK,,,,TCS | New Horizon Scholars School,"Here are beautifully built 2,3 BHK apartments in Pokhran 2, available for sale at Embassy One Thane. Apartment prices in this housing society vary in the range of Rs. 1.95 - 2.61 Cr. The housing society is RERA-registered with P51700077743 registration number. Apartments in Embassy One Thane have CARPET area ranging between 783 - 1,062 sqft",Embassy Group,,,https://www.99acres.com/embassy-one-thane-pokhran-2-mumbai-thane-npxid-r435543,2 BHK Apartment: ₹1.95 - 2.13 Cr | 3 BHK Apartment: ₹2.51 - 2.61 Cr,1
237262,PROJECT,Piramal Vaikunth,Piramal Vaikunth,,"Balkum, Thane",₹75 L - 1.38 Cr | ₹1.09 - 2.26 Cr | ₹2.22 - 3.74 Cr | ₹2.59 - 3.48 Cr | ₹5.9 - 7.37 Cr,,,,,5 BHK,,,,NH848 | Narayana e-Techno School,"Beautiful 1,2,3,4,5 BHK apartments in Balkum, are now available in Piramal Vaikunth housing project. This society offers apartments in the price range of Rs. 75 L - 7.37 Cr. Piramal Vaikunth has apartments in multiple configurations, in range of 318 - 2,500 sqft. Piramal Vaikunth 's RERA registration number is P51700003793",Piramal Realty,,,https://www.99acres.com/piramal-vaikunth-balkum-mumbai-thane-npxid-r237262,1 BHK Apartment: ₹75 L - 1.38 Cr | 2 BHK Apartment: ₹1.09 - 2.26 Cr | 3 BHK Apartment: ₹2.22 - 3.74 Cr | 4 BHK Apartment: ₹2.59 - 3.48 Cr | 5 BHK Apartment: ₹5.9 - 7.37 Cr,1
388690,PROJECT,Ashar Arize,Ashar Arize,,"Kalwa, Thane",₹1.05 - 1.1 Cr | ₹1.48 - 1.52 Cr,,,,,2 BHK,,,,Sapphire Hospitals | Milagris English School,"Spacious 1,2 BHK apartments in Kalwa are available for sale.Check out latest property options at Ashar Arize housing society. Ashar Arize apartments are available in multiples sizes, ranging from 457 - 663 sqft CARPET area. This society is RERA approved and P51700034211 is the RERA number. Prices of apartments in this project, vary between Rs. 1.05 - 1.52 Cr",Ashar,,,https://www.99acres.com/ashar-arize-kalwa-thane-npxid-r388690,1 BHK Apartment: ₹1.05 - 1.1 Cr | 2 BHK Apartment: ₹1.48 - 1.52 Cr,1
464678,PROJECT,Sai Siya Park,Sai Siya Park,,"Kalher, Thane West",₹21 - 27.3 L | ₹12.8 - 17 L,,,,,1 BHK,,,,,"Sai Siya Park brings you beautifully designed 1 BHK Apartment and 1 BHK Studio Apartment in Kalher. Gymnasium, Children's Play Area and Terrace Garden are some of the popular amenities offered in this project. Property options in Sai Siya Park varies between 320 - 650 sqft. Prices here start from Rs. 12.8 L",Sai Siya Constructions,,,https://www.99acres.com/sai-siya-park-kalher-mumbai-thane-npxid-r464678,1 BHK Apartment: ₹21 - 27.3 L | 1 RK Studio Apartment: ₹12.8 - 17 L,1
444035,PROJECT,Kartik Enclave,Kartik Enclave,,"Kalher, Thane West",₹41.7 - 41.91 L | ₹59.11 - 60.41 L,,,,,2 BHK,,,,Kalher Metro Station | Kasheli Metro Station,"Spacious 1,2 BHK apartments in Kalher are available for sale.Check out latest property options at Kartik Enclave housing society. This society is RERA approved and P51700079492 is the RERA number. Here units have different sizes, mostly in range of 439 - 626 sqft CARPET area. Apartment prices in this housing society vary in the range of Rs. 41.7 - 60.41 L",Shivaay Developers Thane,,,https://www.99acres.com/kartik-enclave-kalher-mumbai-thane-npxid-r444035,1 BHK Apartment: ₹41.7 - 41.91 L | 2 BHK Apartment: ₹59.11 - 60.41 L,2
427315,PROJECT,Shree Prasad CHSL,Shree Prasad CHSL,,"Naupada, Thane West",₹1.16 Cr | ₹1.12 - 1.6 Cr,,,,,2 BHK,,,,Naupada Road | Ram Maruti Road,"Looking for your dream home? Explore 1,2 BHK apartments in Naupada, now available in Shree Prasad CHSL. Here units have different sizes, mostly in range of 560 - 780 sqft CARPET area. Prices of apartments in this project, vary between Rs. 1.12 - 1.6 Cr. The housing society is RERA-registered with P51700055985 registration number",LCon Infra LLP,,,https://www.99acres.com/shree-prasad-chsl-naupada-mumbai-thane-npxid-r427315,1 BHK Apartment: ₹1.16 Cr | 2 BHK Apartment: ₹1.12 - 1.6 Cr,2
408937,PROJECT,Raghunath Heights,Raghunath Heights,,"Kalher, Thane West",₹33.77 - 36.68 L | ₹40.01 - 45.89 L,,,,,2 BHK,,,,Bhiwandi Station | Viviana Mall,"Choose your dream home from the wide variety of 1,2 BHK apartments in Kalher, available for sale in Raghunath Heights. Apartments in this complex are available in price range of Rs. 33.77 - 45.89 L. The housing society is RERA-registered with P51700047773 registration number. Here units have different sizes, mostly in range of 395 - 538 sqft CARPET area",Khrushna Infrastructure Builders,,,https://www.99acres.com/raghunath-heights-kalher-mumbai-thane-npxid-r408937,1 BHK Apartment: ₹33.77 - 36.68 L | 2 BHK Apartment: ₹40.01 - 45.89 L,2
404256,PROJECT,Codename Panchtatva,Codename Panchtatva,,"Panch Pakhadi, Thane West",₹1.54 Cr | ₹1.83 - 2.35 Cr,,,,,3 BHK,,,,Singhania International School | St. John High School,"Check out 2,3 BHK apartments in Panch Pakhadi, now available for sale at Codename Panchtatva. This society is RERA approved and P51700048590 is the RERA number. Prices of apartments in this project, vary between Rs. 1.54 - 2.35 Cr. Codename Panchtatva apartments are available in multiples sizes, ranging from 748 - 1,166 sqft CARPET area",Yuvan Group and Shivesh Group,,,https://www.99acres.com/codename-panchtatva-panch-pakhadi-mumbai-thane-npxid-r404256,2 BHK Apartment: ₹1.54 Cr | 3 BHK Apartment: ₹1.83 - 2.35 Cr,2
460609,PROJECT,Birla Taranya,Birla Taranya,,"Kalwa, Thane",₹87.66 L - 1.48 Cr | ₹1.4 - 1.73 Cr | ₹2.26 - 2.79 Cr,,,,,3 BHK,,,,Chhatrapati Shivaji Maharaj Hospital | Kalva Railway Station,"Beautiful 1,2,3 BHK apartments in Kalwa, are now available in Birla Taranya housing project. Birla Taranya 's RERA registration number is PR1331012502243. This society offers apartments in the price range of Rs. 87.66 L - 2.79 Cr. Apartments in Birla Taranya have CARPET area ranging between 487 - 1,165 sqft",Birla Estates,,,https://www.99acres.com/birla-taranya-kalwa-thane-npxid-r460609,1 BHK Apartment: ₹87.66 L - 1.48 Cr | 2 BHK Apartment: ₹1.4 - 1.73 Cr | 3 BHK Apartment: ₹2.26 - 2.79 Cr,2
4382,PROJECT,Rustomjee La Vie,Rustomjee La Vie,,"Majiwada, Thane",₹1.42 - 1.72 Cr | ₹2.19 - 2.73 Cr,,,,,3 BHK,,,,Eastern Express Highway | University of Mumbai,"Beautiful 2,3 BHK apartments in Majiwada, are now available in Rustomjee La Vie housing project. This society offers apartments in the price range of Rs. 1.42 - 2.73 Cr. Rustomjee La Vie is a RERA- registered society and P51700053109 is the RERA registration number. Rustomjee La Vie has apartments in multiple configurations, in range of 570 - 1,052 sqft",Rustomjee Builders,,,https://www.99acres.com/rustomjee-la-vie-majiwada-mumbai-thane-npxid-r4382,2 BHK Apartment: ₹1.42 - 1.72 Cr | 3 BHK Apartment: ₹2.19 - 2.73 Cr,2
444029,PROJECT,Nemmi Panchganga,Nemmi Panchganga,,"Majiwada, Thane",₹1.08 - 1.35 Cr | ₹1.46 Cr,,,,,3 BHK,,,,Korum Mall | Viviana Mall,"Check out 2,3 BHK apartments in Majiwada, now available for sale at Nemmi Panchganga. Apartments in this complex are available in price range of Rs. 1.08 - 1.46 Cr. Nemmi Panchganga has apartments in multiple configurations, in range of 500 - 659 sqft. This society is RERA approved and P51700079393 is the RERA number",Nemmi Realty,,,https://www.99acres.com/nemmi-panchganga-majiwada-mumbai-thane-npxid-r444029,2 BHK Apartment: ₹1.08 - 1.35 Cr | 3 BHK Apartment: ₹1.46 Cr,2
431021,PROJECT,Hiranandani Westgate,Hiranandani Westgate,,"Hiranandani Estate, Thane",₹1.31 - 2.64 Cr | ₹2.79 - 3.81 Cr | ₹5.3 - 5.58 Cr,,,,,4 BHK,,,,Hiranandani Foundation School | Suraj Water Park,"Finest 2,3,4 BHK apartments in Hiranandani Estate available for sale in Hiranandani Westgate. This society offers apartments in the price range of Rs. 1.31 - 5.58 Cr. This society is RERA approved and P51700077268 is the RERA number. Here units have different sizes, mostly in range of 483 - 1,662 sqft CARPET area",House of Hiranandani,,,https://www.99acres.com/hiranandani-westgate-hiranandani-estate-mumbai-thane-npxid-r431021,2 BHK Apartment: ₹1.31 - 2.64 Cr | 3 BHK Apartment: ₹2.79 - 3.81 Cr | 4 BHK Apartment: ₹5.3 - 5.58 Cr,2
450054,PROJECT,Balkrishna CHSL,Balkrishna CHSL,,"Naupada, Thane West",₹1.15 - 1.17 Cr | ₹1.65 Cr,,,,,2 BHK,,,,Thane West Railway Station | Bedekar Hospital,"Beautiful 1,2 BHK apartments in Naupada, are now available in Balkrishna CHSL housing project. Balkrishna CHSL apartments are available in multiples sizes, ranging from 453 - 659 sqft CARPET area. This society is RERA approved and P51700079846 is the RERA number. Prices of apartments in this project, vary between Rs. 1.15 - 1.65 Cr",Balkrishna CHS Ltd,,,https://www.99acres.com/balkrishna-chsl-naupada-mumbai-thane-npxid-r450054,1 BHK Apartment: ₹1.15 - 1.17 Cr | 2 BHK Apartment: ₹1.65 Cr,2
389667,PROJECT,Godrej Ascend,Godrej Ascend,,"Kolshet Road, Thane",₹1.06 - 1.57 Cr | ₹1.31 - 2.37 Cr | ₹1.98 - 3.33 Cr,,,,,3 BHK,,,,R Mall Thane | NaMo Grand Central Park,"Godrej Ascend, one of the known housing societes in Thane, brings classic yet modern 1,2,3 BHK apartments in Kolshet Road. Apartments in Godrej Ascend have CARPET area ranging between 381 - 1,058 sqft. Apartment prices in this housing society vary in the range of Rs. 1.06 - 3.33 Cr. The housing society is RERA-registered with P51700034608 registration number",Godrej Properties,,,https://www.99acres.com/godrej-ascend-kolshet-road-thane-npxid-r389667,1 BHK Apartment: ₹1.06 - 1.57 Cr | 2 BHK Apartment: ₹1.31 - 2.37 Cr | 3 BHK Apartment: ₹1.98 - 3.33 Cr,2
300067,PROJECT,Dosti West County,Dosti West County,,"Balkum, Thane",₹1.49 Cr | ₹2.27 Cr,,,,,3 BHK,,,,National Highway 848 | Narayana e-Techno School,"Dosti West County, one of the known housing societes in Thane, brings classic yet modern 2,3 BHK apartments in Balkum. Apartments in Dosti West County have CARPET area ranging between 694 - 1,055 sqft. Prices of apartments in this project, vary between Rs. 1.49 - 2.27 Cr. This society is RERA approved and P51700006565 is the RERA number",Dosti Realty,,,https://www.99acres.com/dosti-west-county-balkum-mumbai-thane-npxid-r300067,2 BHK Apartment: ₹1.49 Cr | 3 BHK Apartment: ₹2.27 Cr,2
456856,PROJECT,Sai Flora Residency,Sai Flora Residency,,"Kalher, Thane West",₹22.75 - 29 L | ₹16 - 16.25 L,,,,,1 BHK,,,,Thane Railway Station | Thane Bus Stop,"Check out 1 BHK Apartment and 1 BHK Studio Apartment in Sai Flora Residency, one of the best offerings in Kalher. Property options in Sai Flora Residency varies between 320 - 580 sqft. Prices here start from Rs. 16 L. Sai Flora Residency is a New Launch project",V M Enterprises,,,https://www.99acres.com/sai-flora-residency-kalher-mumbai-thane-npxid-r456856,1 BHK Apartment: ₹22.75 - 29 L | 1 RK Studio Apartment: ₹16 - 16.25 L,2
455566,PROJECT,Avadh Residency,Avadh Residency,,"Kalher, Thane West",₹23.89 - 30.36 L | ₹33.92 - 39.27 L | ₹16.1 - 17.03 L,,,,,2 BHK,,,,Viviana Mall | Korum Mall,"For Multiple: Avadh Residency offers beautifully designed 1 BHK Apartment, 2 BHK Apartment and 1 BHK Studio Apartment in Kalher, Thane. Prices here start from Rs. 16.1 L. Properties in Avadh Residency are sized in the range of 244 - 595 sqft. Grocery Shop, Car Parking and Gated Community are some of the amenities offered here",Ajay Infratech,,,https://www.99acres.com/avadh-residency-kalher-mumbai-thane-npxid-r455566,1 BHK Apartment: ₹23.89 - 30.36 L | 2 BHK Apartment: ₹33.92 - 39.27 L | 1 RK Studio Apartment: ₹16.1 - 17.03 L,2
444027,PROJECT,Tropical Bliss,Tropical Bliss,,"Ghodbunder Road, Thane",₹58 L | ₹88 L,,,,,2 BHK,,,,DG International Schoo | MBC Business Park,"Tropical Bliss society now offers elegantly built 1,2 BHK apartments in Ghodbunder Road. Apartments in Tropical Bliss have CARPET area ranging between 415 - 632 sqft. Apartments in this complex are available in price range of Rs. 58 - 88 L. Tropical Bliss 's RERA registration number is P51700079373",Tropical World,,,https://www.99acres.com/tropical-bliss-ghodbunder-road-mumbai-thane-npxid-r444027,1 BHK Apartment: ₹58 L | 2 BHK Apartment: ₹88 L,2
205909,PROJECT,Shree Krupa Nandanvan Homes,Shree Krupa Nandanvan Homes,,"Kalwa, Thane",₹1.5 - 1.75 Cr | ₹2.34 - 3.3 Cr | ₹3.6 Cr,,,,,4 BHK,,,,Kalwa Railway Station | Thane City,"Shree Krupa Nandanvan Homes society now offers elegantly built 2,3,4 BHK apartments in Kalwa. Shree Krupa Nandanvan Homes 's RERA registration number is P51700028028. Shree Krupa Nandanvan Homes apartments are available in multiples sizes, ranging from 757 - 1,573 sqft CARPET area. Prices of apartments in this project, vary between Rs. 1.5 - 3.6 Cr",Shree Krupa Builders,,,https://www.99acres.com/shree-krupa-nandanvan-homes-kalwa-thane-npxid-r205909,2 BHK Apartment: ₹1.5 - 1.75 Cr | 3 BHK Apartment: ₹2.34 - 3.3 Cr | 4 BHK Apartment: ₹3.6 Cr,2
451461,PROJECT,Nandivardhan Blissview,Nandivardhan Blissview,,"Panch Pakhadi, Thane West",₹1.77 - 2.04 Cr | ₹2.17 - 3.27 Cr,,,,,3 BHK,,,,Deshmukh Garden | Eastern Express Highway,"Finest 2,3 BHK apartments in Panch Pakhadi available for sale in Nandivardhan Blissview. Apartments in Nandivardhan Blissview have CARPET area ranging between 707 - 1,024 sqft. Prices of apartments in this project, vary between Rs. 1.77 - 3.27 Cr. This society is RERA approved and PM1330002500575 is the RERA number",Nandivardhan Group,,,https://www.99acres.com/nandivardhan-blissview-panch-pakhadi-mumbai-thane-npxid-r451461,2 BHK Apartment: ₹1.77 - 2.04 Cr | 3 BHK Apartment: ₹2.17 - 3.27 Cr,2
405755,PROJECT,Nandigram,Nandigram,,"Kharkar Alley, Thane West",₹90 L | ₹1.2 - 1.5 Cr,,,,,2 BHK,,,,,"Beautiful 1,2 BHK apartments in Kharkar Alley, are now available in Nandigram housing project. Apartment prices in this housing society vary in the range of Rs. 90 L - 1.5 Cr. Apartments in Nandigram have CARPET area ranging between 489 - 747 sqft. Nandigram 's RERA registration number is P51700049363",,,,https://www.99acres.com/nandigram-kharkar-alley-mumbai-thane-npxid-r405755,1 BHK Apartment: ₹90 L | 2 BHK Apartment: ₹1.2 - 1.5 Cr,2
433860,PROJECT,Jardin Oberoi Garden City Thane,Jardin Oberoi Garden City Thane,,"Pokhran 2, Thane",₹3.1 Cr,,,,,3 BHK,,,,Little Flower High School | Bethany Hospital,"Choose your dream home from the wide variety of 3 BHK apartments in Pokhran 2, available for sale in Jardin Oberoi Garden City Thane. This society offers apartments in the price range of Rs. 3.1 Cr. This society is RERA approved and PR1331012400078 is the RERA number. Here units have different sizes, mostly in range of 1,411 sqft CARPET area",Oberoi Realty,,,https://www.99acres.com/jardin-oberoi-garden-city-thane-pokhran-2-mumbai-thane-npxid-r433860,3 BHK Apartment: ₹3.1 Cr,2
464832,PROJECT,CG Empire,CG Empire,,"Kalher, Thane West",₹19.87 - 26.36 L | ₹23.22 - 38.53 L | ₹13.2 - 16.56 L,,,,,2 BHK,,,,Suyash English School | National Highway 848,"CG Empire has 1 BHK Apartment, 2 BHK Apartment and 1 BHK Studio Apartment options to offer in Kalher. CG Empire possession will begin from Nov, 2028. Gymnasium, Children's Play Area and Gazebo are some of the amenities offered here. Properties in CG Empire are sized in the range of 307 - 896 sqft",CG Group,,,https://www.99acres.com/cg-empire-kalher-mumbai-thane-npxid-r464832,1 BHK Apartment: ₹19.87 - 26.36 L | 2 BHK Apartment: ₹23.22 - 38.53 L | 1 RK Studio Apartment: ₹13.2 - 16.56 L,2
423588,PROJECT,Kavya Shrushti Estate,Kavya Shrushti Estate,,"Kasheli, Thane",₹36 L | ₹40 L,,,,,2 BHK,,,,Bhiwandi Railway Station | Metro Line 5,"Finest 1,2 BHK apartments in Kasheli available for sale in Kavya Shrushti Estate. Kavya Shrushti Estate apartments are available in multiples sizes, ranging from 414 - 507 sqft CARPET area. Prices of apartments in this project, vary between Rs. 36 - 40 L. Apartments at Kavya Shrushti Estate is currently New Launch",Mansingh Developers,,,https://www.99acres.com/kavya-shrushti-estate-kasheli-thane-npxid-r423588,1 BHK Apartment: ₹36 L | 2 BHK Apartment: ₹40 L,2
405806,PROJECT,Narang Privado,Narang Privado,,"Pokharan Road, Thane West",₹1.24 Cr | ₹1.43 - 2.38 Cr | ₹2.75 - 3.85 Cr | ₹3.89 - 4.3 Cr,,,,,4 BHK,,,,Meet Business Park | Eastern Express Highway,"Narang Privado society now offers elegantly built 1,2,3,4 BHK apartments in Pokharan Road. This society offers apartments in the price range of Rs. 1.24 - 4.3 Cr. Here units have different sizes, mostly in range of 416 - 1,616 sqft CARPET area. This society is RERA approved and P51700050065 is the RERA number",Narang Realty,,,https://www.99acres.com/narang-privado-pokharan-road-mumbai-thane-npxid-r405806,1 BHK Apartment: ₹1.24 Cr | 2 BHK Apartment: ₹1.43 - 2.38 Cr | 3 BHK Apartment: ₹2.75 - 3.85 Cr | 4 BHK Apartment: ₹3.89 - 4.3 Cr,2
177287,PROJECT,Lodha Amara,Lodha Amara,,"Kolshet Road, Thane",₹89 L - 1 Cr | ₹1.23 - 1.73 Cr | ₹1.66 - 2.98 Cr,,,,,3 BHK,,,,NaMo Grand Central Park | R Mall Thane,"Lodha Amara, one of the known housing societes in Thane, brings classic yet modern 1,2,3 BHK apartments in Kolshet Road. The housing society is RERA-registered with P51700001065 registration number. Apartment prices in this housing society vary in the range of Rs. 89 L - 2.98 Cr. Here units have different sizes, mostly in range of 446 - 1,266 sqft CARPET area",Lodha,,,https://www.99acres.com/lodha-amara-kolshet-road-thane-npxid-r177287,1 BHK Apartment: ₹89 L - 1 Cr | 2 BHK Apartment: ₹1.23 - 1.73 Cr | 3 BHK Apartment: ₹1.66 - 2.98 Cr,2
409744,PROJECT,Horizon Pearl 2,Horizon Pearl 2,,"Kasar Vadavali, Thane",₹55 L | ₹80 L,,,,,2 BHK,,,,Hypercity Shopping Mall | Anand Nagar Metro Station,"Choose your dream home from the wide variety of 1,2 BHK apartments in Kasar Vadavali, available for sale in Horizon Pearl 2. Apartments in Horizon Pearl 2 have CARPET area ranging between 423 - 619 sqft. Horizon Pearl 2 's RERA registration number is P51700050797. Apartments in this complex are available in price range of Rs. 55 - 80 L",Horizon Group,,,https://www.99acres.com/horizon-pearl-2-kasar-vadavali-thane-npxid-r409744,1 BHK Apartment: ₹55 L | 2 BHK Apartment: ₹80 L,2
468823,PROJECT,LNT Vayam,LNT Vayam,,"Panch Pakhadi, Thane West",₹1.75 - 2.13 Cr | ₹2.89 - 3.31 Cr,,,,,3 BHK,,,,,"LNT Vayam society now offers elegantly built 2,3 BHK apartments in Panch Pakhadi. The housing society is RERA-registered with PM1330002600565 registration number. Apartment prices in this housing society vary in the range of Rs. 1.75 - 3.31 Cr. LNT Vayam has apartments in multiple configurations, in range of 668 - 1,263 sqft",L and T Realty,,,https://www.99acres.com/lnt-vayam-panch-pakhadi-mumbai-thane-npxid-r468823,2 BHK Apartment: ₹1.75 - 2.13 Cr | 3 BHK Apartment: ₹2.89 - 3.31 Cr,2
461798,PROJECT,Avatara,Avatara,,"Kasar Vadavali, Thane",₹95 L - 1.12 Cr | ₹1.28 - 1.71 Cr,,,,,3 BHK,,,,,"Avatara, one of the known housing societes in Thane, brings classic yet modern 2,3 BHK apartments in Kasar Vadavali. Avatara has apartments in multiple configurations, in range of 556 - 1,002 sqft. This society offers apartments in the price range of Rs. 95 L - 1.71 Cr. Avatara 's RERA registration number is PR1331012502052",Squarefeet Group,,,https://www.99acres.com/avatara-kasar-vadavali-thane-npxid-r461798,2 BHK Apartment: ₹95 L - 1.12 Cr | 3 BHK Apartment: ₹1.28 - 1.71 Cr,2
434482,PROJECT,L&T Realty Evara Heights,L&T Realty Evara Heights,,Thane West,₹2.14 - 2.47 Cr | ₹2.95 - 3.52 Cr | ₹5.6 - 6.5 Cr,,,,,4 BHK,,,,Eastern Express Highway | LOodha iThink Office,"Finest 2,3,4 BHK apartments in Thane West available for sale in L&T Realty Evara Heights. L&T Realty Evara Heights apartments are available in multiples sizes, ranging from 747 - 2,236 sqft CARPET area. Prices of apartments in this project, vary between Rs. 2.14 - 6.5 Cr. This society is RERA approved and P51700077678 is the RERA number",L and T Realty,,,https://www.99acres.com/l-t-realty-evara-heights-thane-west-mumbai-npxid-r434482,2 BHK Apartment: ₹2.14 - 2.47 Cr | 3 BHK Apartment: ₹2.95 - 3.52 Cr | 4 BHK Apartment: ₹5.6 - 6.5 Cr,3
441521,PROJECT,Purva Panorama,Purva Panorama,,"Ghodbunder Road, Thane",₹1.53 - 1.86 Cr | ₹2.12 - 5.6 Cr | ₹3.47 - 6.83 Cr | ₹3.41 Cr,,,,,5 BHK,,,,Suraj Water Park | R Shopping Mall,"Check out 2,3,4,5 BHK apartments in Ghodbunder Road, now available for sale at Purva Panorama. This society is RERA approved and P51700079811 is the RERA number. Apartments in Purva Panorama have CARPET area ranging between 716 - 3,032 sqft. This society offers apartments in the price range of Rs. 1.53 - 6.83 Cr",Puravankara,,,https://www.99acres.com/purva-panorama-ghodbunder-road-mumbai-thane-npxid-r441521,2 BHK Apartment: ₹1.53 - 1.86 Cr | 3 BHK Apartment: ₹2.12 - 5.6 Cr | 4 BHK Apartment: ₹3.47 - 6.83 Cr | 5 BHK Apartment: ₹3.41 Cr,3
352115,PROJECT,Godrej Exquisite,Godrej Exquisite,,"Kavesar, Thane West",₹1.79 - 1.95 Cr | ₹2.1 - 2.52 Cr,,,,,3 BHK,,,,Suraj Water Park | NH 48,"Godrej Exquisite society now offers elegantly built 2,3 BHK apartments in Kavesar. This society is RERA approved and P51700024496 is the RERA number. Apartments in this complex are available in price range of Rs. 1.79 - 2.52 Cr. Here units have different sizes, mostly in range of 655 - 922 sqft CARPET area",Godrej Properties,,,https://www.99acres.com/godrej-exquisite-kavesar-mumbai-thane-npxid-r352115,2 BHK Apartment: ₹1.79 - 1.95 Cr | 3 BHK Apartment: ₹2.1 - 2.52 Cr,3
416810,PROJECT,Lodha Stella,Lodha Stella,,"Majiwada, Thane",₹2.83 - 3.57 Cr | ₹3.78 - 4.98 Cr,,,,,4 BHK,,,,TCS IT Park | Bethany Hospital,"Lodha Stella, one of the known housing societes in Thane, brings classic yet modern 3,4 BHK apartments in Majiwada. Prices of apartments in this project, vary between Rs. 2.83 - 4.98 Cr. Here units have different sizes, mostly in range of 1,186 - 2,089 sqft CARPET area. Lodha Stella is a RERA- registered society and P51700053017 is the RERA registration number",Lodha,,,https://www.99acres.com/lodha-stella-majiwada-mumbai-thane-npxid-r416810,3 BHK Apartment: ₹2.83 - 3.57 Cr | 4 BHK Apartment: ₹3.78 - 4.98 Cr,3
443769,PROJECT,Lodha Elanor,Lodha Elanor,,"Sandoz Baug, Thane West",₹2.7 - 3.37 Cr | ₹5.15 - 7.06 Cr,,,,,4 BHK,,,,National Highway 48 | R Mall Thane,"Here are beautifully built 3,4 BHK apartments in Sandoz Baug, available for sale at Lodha Elanor. Lodha Elanor has apartments in multiple configurations, in range of 1,120 - 2,907 sqft. Lodha Elanor 's RERA registration number is P51700046312. Prices of apartments in this project, vary between Rs. 2.7 - 7.06 Cr",Lodha,,,https://www.99acres.com/lodha-elanor-sandoz-baug-mumbai-thane-npxid-r443769,3 BHK Apartment: ₹2.7 - 3.37 Cr | 4 BHK Apartment: ₹5.15 - 7.06 Cr,3
430190,PROJECT,Rustomjee Verdant Vistas,Rustomjee Verdant Vistas,,"Majiwada, Thane",₹2.99 - 3.44 Cr | ₹4.46 - 6.5 Cr,,,,,4 BHK,,,,Lodha World School | ARMIET,"Looking for your dream home? Explore 3,4 BHK apartments in Majiwada, now available in Rustomjee Verdant Vistas. This society offers apartments in the price range of Rs. 2.99 - 6.5 Cr. Rustomjee Verdant Vistas is a RERA- registered society and P51700077136 is the RERA registration number. Rustomjee Verdant Vistas apartments are available in multiples sizes, ranging from 1,115 - 2,244 sqft CARPET area",Rustomjee Builders,,,https://www.99acres.com/rustomjee-verdant-vistas-majiwada-mumbai-thane-npxid-r430190,3 BHK Apartment: ₹2.99 - 3.44 Cr | 4 BHK Apartment: ₹4.46 - 6.5 Cr,3
354276,PROJECT,Tirumala Estate,Tirumala Estate,,"Kalher, Thane West",₹23.63 - 25.88 L | ₹32.4 - 34.42 L | ₹17.37 L,,,,,2 BHK,,,,LEO Internaonal School | Lile Angel School,"Tirumala Estate has 1 BHK Apartment, 2 BHK Apartment and 1 BHK Studio Apartment options to offer in Kalher. Prices here start from Rs. 17.37 L. Gymnasium, Club House and Children's Play Area are some of the amenities offered here. Property options in Tirumala Estate varies between 380 - 765 sqft",Tirumala Enterprise Mumbai,,,https://www.99acres.com/tirumala-estate-kalher-mumbai-thane-npxid-r354276,1 BHK Apartment: ₹23.63 - 25.88 L | 2 BHK Apartment: ₹32.4 - 34.42 L | 1 RK Studio Apartment: ₹17.37 L,3
426806,PROJECT,Mextech Miraya Divine,Mextech Miraya Divine,,"Majiwada, Thane",₹1.09 - 1.8 Cr | ₹1.99 - 2.25 Cr | ₹3.39 Cr,,,,,4 BHK,,,,National Highway 848 | Amber International School,"Beautiful 2,3,4 BHK apartments in Majiwada, are now available in Mextech Miraya Divine housing project. Mextech Miraya Divine apartments are available in multiples sizes, ranging from 478 - 1,486 sqft CARPET area. Mextech Miraya Divine 's RERA registration number is P51700055585. Apartments in this complex are available in price range of Rs. 1.09 - 3.39 Cr",Mextech Group,,,https://www.99acres.com/mextech-miraya-divine-majiwada-mumbai-thane-npxid-r426806,2 BHK Apartment: ₹1.09 - 1.8 Cr | 3 BHK Apartment: ₹1.99 - 2.25 Cr | 4 BHK Apartment: ₹3.39 Cr,3
353930,PROJECT,Lodha Bella Vista,Lodha Bella Vista,,"Manpada, Thane",₹1.49 - 1.89 Cr | ₹2.93 - 3.93 Cr | ₹4.45 - 5.21 Cr,,,,,4 BHK,,,,NH 48 | Tikuji-ni-Wadi,"Choose your dream home from the wide variety of 2,3,4 BHK apartments in Manpada, available for sale in Lodha Bella Vista. Here units have different sizes, mostly in range of 565 - 1,861 sqft CARPET area. The housing society is RERA-registered with P51700024815 registration number. Apartment prices in this housing society vary in the range of Rs. 1.49 - 5.21 Cr",Lodha,,,https://www.99acres.com/lodha-bella-vista-manpada-mumbai-thane-npxid-r353930,2 BHK Apartment: ₹1.49 - 1.89 Cr | 3 BHK Apartment: ₹2.93 - 3.93 Cr | 4 BHK Apartment: ₹4.45 - 5.21 Cr,3
323355,PROJECT,Raymond Realty Ten X Habitat,Raymond Realty Ten X Habitat,,"Pokhran 2, Thane",₹1.29 Cr | ₹1.28 - 1.91 Cr,,,,,2 BHK,,,,"Jupiter Hospital | Fortune Park Lake City, Thane","Here are beautifully built 1,2 BHK apartments in Pokhran 2, available for sale at Raymond Realty Ten X Habitat. Apartments in this complex are available in price range of Rs. 1.28 - 1.91 Cr. Raymond Realty Ten X Habitat is a RERA- registered society and P51700019265 is the RERA registration number. Raymond Realty Ten X Habitat has apartments in multiple configurations, in range of 408 - 644 sqft",Raymond Realty,,,https://www.99acres.com/raymond-realty-ten-x-habitat-pokhran-2-mumbai-thane-npxid-r323355,1 BHK Apartment: ₹1.29 Cr | 2 BHK Apartment: ₹1.28 - 1.91 Cr,3
416808,PROJECT,Tirumala Estate Phase 2,Tirumala Estate Phase 2,,"Kasheli, Thane",₹24.3 - 27.68 L | ₹30.38 - 38.7 L | ₹16.88 - 20.7 L,,,,,2 BHK,,,,S.S. Hospital | Evershine English School,"Check out 1 BHK Apartment, 2 BHK Apartment and 1 BHK Studio Apartment in Tirumala Estate Phase 2, one of the best offerings in Kasheli. Properties in Tirumala Estate Phase 2 are sized in the range of 375 - 860 sqft. Gymnasium, Children's Play Area and Jogging Track are some of the amenities offered here. Prices here start from Rs. 16.88 L",Tirumala Enterprise Mumbai,,,https://www.99acres.com/tirumala-estate-phase-2-kasheli-thane-npxid-r416808,1 BHK Apartment: ₹24.3 - 27.68 L | 2 BHK Apartment: ₹30.38 - 38.7 L | 1 RK Studio Apartment: ₹16.88 - 20.7 L,3
437024,PROJECT,Riddhi Siddhi Park,Riddhi Siddhi Park,,"Kalher, Thane West",₹16 L | ₹29 L | ₹12.5 L,,,,,2 BHK,,,,D.Y. International School | Galaxy Hospital,"Riddhi Siddhi Park has 1 BHK Apartment, 2 BHK Apartment and 1 BHK Studio Apartment options to offer in Kalher. Property options in Riddhi Siddhi Park varies between 325 - 745 sqft. Prices here start from Rs. 12.5 L. Riddhi Siddhi Park is an Under Construction project",Hari Om Infra,,,https://www.99acres.com/riddhi-siddhi-park-kalher-mumbai-thane-npxid-r437024,1 BHK Apartment: ₹16 L | 2 BHK Apartment: ₹29 L | 1 RK Studio Apartment: ₹12.5 L,3
449056,PROJECT,Mextech Miraya Trinity,Mextech Miraya Trinity,,"Majiwada, Thane",₹2.74 Cr | ₹1.31 - 2.91 Cr,,,,,3 BHK,,,,Amber International School | Highland Super Speciality Hospital,"Looking for your dream home? Explore 2,3 BHK apartments in Majiwada, now available in Mextech Miraya Trinity. Mextech Miraya Trinity apartments are available in multiples sizes, ranging from 450 - 1,001 sqft CARPET area. Prices of apartments in this project, vary between Rs. 1.31 - 2.91 Cr. Mextech Miraya Trinity is a RERA- registered society and P51700080732 is the RERA registration number",Mextech Property Developers LLP,,,https://www.99acres.com/mextech-miraya-trinity-majiwada-mumbai-thane-npxid-r449056,2 BHK Apartment: ₹2.74 Cr | 3 BHK Apartment: ₹1.31 - 2.91 Cr,3
242371,PROJECT,Serein by Tata Housing,Serein by Tata Housing,,"Pokhran 2, Thane",₹1.31 - 1.75 Cr | ₹2.04 - 2.79 Cr | ₹2.65 - 5.03 Cr,,,,,3 BHK,,,,Bethany Hospital | Vasant Vihar High School & Jr. College,"Serein by Tata Housing society now offers elegantly built 1,2,3 BHK apartments in Pokhran 2. This society is RERA approved and P51700000295 is the RERA number. Apartments in Serein by Tata Housing have CARPET area ranging between 446 - 1,281 sqft. Apartment prices in this housing society vary in the range of Rs. 1.31 - 5.03 Cr",Tata Housing,,,https://www.99acres.com/serein-by-tata-housing-pokhran-2-mumbai-thane-npxid-r242371,1 BHK Apartment: ₹1.31 - 1.75 Cr | 2 BHK Apartment: ₹2.04 - 2.79 Cr | 3 BHK Apartment: ₹2.65 - 5.03 Cr,3
344375,PROJECT,Mahavir Spring,Mahavir Spring,,"Pokhran 2, Thane",₹1.17 - 1.45 Cr | ₹1.54 - 2.04 Cr | ₹2.12 - 2.78 Cr,,,,,3 BHK,,,,Sankalp English School | Meet Business Park,"Mahavir Spring, one of the known housing societes in Thane, brings classic yet modern 1,2,3 BHK apartments in Pokhran 2. Mahavir Spring apartments are available in multiples sizes, ranging from 455 - 1,070 sqft CARPET area. This society offers apartments in the price range of Rs. 1.17 - 2.78 Cr. Mahavir Spring 's RERA registration number is P51700022994",Damji Shamji Shah Group,,,https://www.99acres.com/mahavir-spring-pokhran-2-mumbai-thane-npxid-r344375,1 BHK Apartment: ₹1.17 - 1.45 Cr | 2 BHK Apartment: ₹1.54 - 2.04 Cr | 3 BHK Apartment: ₹2.12 - 2.78 Cr,3
273827,PROJECT,Y Square,Y Square,,Thane West,₹65.97 - 66.96 L | ₹1 - 1.01 Cr,,,,,2 BHK,,,,Blossom English | Sandip University,"Check out 1,2 BHK apartments in Thane West, now available for sale at Y Square. Apartments in this complex are available in price range of Rs. 65.97 L - 1.01 Cr. Y Square is a RERA- registered society and P51700015652 is the RERA registration number. Y Square apartments are available in multiples sizes, ranging from 387 - 553 sqft CARPET area",Terraform Realty,,,https://www.99acres.com/y-square-thane-west-mumbai-npxid-r273827,1 BHK Apartment: ₹65.97 - 66.96 L | 2 BHK Apartment: ₹1 - 1.01 Cr,3
413082,PROJECT,Dosti Eden,Dosti Eden,,"Brahmand, Thane West",₹1.15 Cr | ₹1.43 - 1.83 Cr | ₹2.1 - 2.32 Cr,,,,,3 BHK,,,,Orchids Int School | Cosmos Mall,"Choose your dream home from the wide variety of 1,2,3 BHK apartments in Brahmand, available for sale in Dosti Eden. Dosti Eden 's RERA registration number is P51700049421. Apartments in Dosti Eden have CARPET area ranging between 513 - 1,039 sqft. Prices of apartments in this project, vary between Rs. 1.15 - 2.32 Cr",Dosti Realty,,,https://www.99acres.com/dosti-eden-brahmand-mumbai-thane-npxid-r413082,1 BHK Apartment: ₹1.15 Cr | 2 BHK Apartment: ₹1.43 - 1.83 Cr | 3 BHK Apartment: ₹2.1 - 2.32 Cr,3
464316,PROJECT,Kavya Shrushti Estate 2,Kavya Shrushti Estate 2,,"Kasheli, Thane",₹19.36 - 25.12 L | ₹27.61 - 30.81 L,,,,,2 BHK,,,,,"Check out 1,2 BHK apartments in Kasheli, now available for sale at Kavya Shrushti Estate 2. Kavya Shrushti Estate 2 has apartments in multiple configurations, in range of 332 - 514 sqft. This society offers apartments in the price range of Rs. 19.36 - 30.81 L. Apartments at Kavya Shrushti Estate 2 is currently Under Construction",Ajmeri Builders,,,https://www.99acres.com/kavya-shrushti-estate-2-kasheli-thane-npxid-r464316,1 BHK Apartment: ₹19.36 - 25.12 L | 2 BHK Apartment: ₹27.61 - 30.81 L,3
423193,PROJECT,Aanya Crystal Antara,Aanya Crystal Antara,,"Manpada, Thane",₹1.9 Cr | ₹2.66 - 2.75 Cr,,,,,3 BHK,,,,Lok Puram Public School | University of Mumbai Thane,"Aanya Crystal Antara, one of the known housing societes in Thane, brings classic yet modern 2,3 BHK apartments in Manpada. Aanya Crystal Antara has apartments in multiple configurations, in range of 787 - 1,061 sqft. Prices of apartments in this project, vary between Rs. 1.9 - 2.75 Cr. Aanya Crystal Antara 's RERA registration number is P51700054437",Aanya Constructive Intelligence,,,https://www.99acres.com/aanya-crystal-antara-manpada-mumbai-thane-npxid-r423193,2 BHK Apartment: ₹1.9 Cr | 3 BHK Apartment: ₹2.66 - 2.75 Cr,3
398091,PROJECT,Runwal Zenith,Runwal Zenith,,"Balkum, Thane",₹2.2 - 2.75 Cr,,,,,3 BHK,,,,University of Mumbai Thane Sub-Campus | Amber International School,"Beautiful 3 BHK apartments in Balkum, are now available in Runwal Zenith housing project. Runwal Zenith has apartments in multiple configurations, in range of 967 - 1,221 sqft. The housing society is RERA-registered with P51700046734 registration number. Apartment prices in this housing society vary in the range of Rs. 2.2 - 2.75 Cr",Runwal Realty,,,https://www.99acres.com/runwal-zenith-balkum-mumbai-thane-npxid-r398091,3 BHK Apartment: ₹2.2 - 2.75 Cr,3
222721,PROJECT,Squarefeet Green Square,Squarefeet Green Square,,"Anand Nagar, Thane",₹43.65 - 58.5 L | ₹48.15 - 83.7 L,,,,,2 BHK,,,,Arunodaya Public School | Aarav Muchhala Junior College,"Squarefeet Green Square, one of the known housing societes in Thane, brings classic yet modern 1,2 BHK apartments in Anand Nagar. Squarefeet Green Square has apartments in multiple configurations, in range of 291 - 558 sqft. Squarefeet Green Square 's RERA registration number is P51700046932. This society offers apartments in the price range of Rs. 43.65 - 83.7 L",Squarefeet Group,,,https://www.99acres.com/squarefeet-green-square-anand-nagar-mumbai-thane-npxid-r222721,1 BHK Apartment: ₹43.65 - 58.5 L | 2 BHK Apartment: ₹48.15 - 83.7 L,3
441721,PROJECT,Adani Codename LIT,Adani Codename LIT,,"Dharamveer Nagar, Thane",₹2.16 - 2.7 Cr | ₹3.2 - 3.78 Cr | ₹6.33 Cr,,,,,4 BHK,,,,Centrum Business Square | Dadoji Konddev Stadium,"Adani Codename LIT society now offers elegantly built 2,3,4 BHK apartments in Dharamveer Nagar. Apartments in Adani Codename LIT have CARPET area ranging between 788 - 1,556 sqft. Apartments in this complex are available in price range of Rs. 2.16 - 6.33 Cr. Adani Codename LIT is a RERA- registered society and P51700079896 is the RERA registration number",Adani Realty,,,https://www.99acres.com/adani-codename-lit-dharamveer-nagar-mumbai-thane-npxid-r441721,2 BHK Apartment: ₹2.16 - 2.7 Cr | 3 BHK Apartment: ₹3.2 - 3.78 Cr | 4 BHK Apartment: ₹6.33 Cr,3
408593,PROJECT,Belicia,Belicia,,"Panch Pakhadi, Thane West",₹2.32 - 2.43 Cr | ₹3.15 - 3.51 Cr | ₹4.81 Cr,,,,,4 BHK,,,,Aadhar Hospital | Korum Mall,"Spacious 2,3,4 BHK apartments in Panch Pakhadi are available for sale.Check out latest property options at Belicia housing society. This society is RERA approved and P51700050457 is the RERA number. This society offers apartments in the price range of Rs. 2.32 - 4.81 Cr. Belicia has apartments in multiple configurations, in range of 779 - 1,546 sqft",House of Hiranandani,,,https://www.99acres.com/belicia-panch-pakhadi-mumbai-thane-npxid-r408593,2 BHK Apartment: ₹2.32 - 2.43 Cr | 3 BHK Apartment: ₹3.15 - 3.51 Cr | 4 BHK Apartment: ₹4.81 Cr,3
387987,PROJECT,Ekdanta Rex Residency,Ekdanta Rex Residency,,"Vartak Nagar, Thane West",₹82.32 - 89.28 L | ₹1.17 - 1.18 Cr,,,,,2 BHK,,,,SVPM's Sanskar Public School | Korum Mall,"Check out 1,2 BHK apartments in Vartak Nagar, now available for sale at Ekdanta Rex Residency. Apartments in Ekdanta Rex Residency have CARPET area ranging between 343 - 490 sqft. The housing society is RERA-registered with P51700033974 registration number. Apartment prices in this housing society vary in the range of Rs. 82.32 L - 1.18 Cr",Ekdanta Developers,,,https://www.99acres.com/ekdanta-rex-residency-vartak-nagar-mumbai-thane-npxid-r387987,1 BHK Apartment: ₹82.32 - 89.28 L | 2 BHK Apartment: ₹1.17 - 1.18 Cr,3
312425,PROJECT,Lodha Sterling,Lodha Sterling,,"Kolshet Road, Thane",₹1.59 - 2.36 Cr | ₹2.05 - 3.25 Cr | ₹4.28 - 4.99 Cr,,,,,4 BHK,,,,Orchids The International School Thane | Amber International School,"Lodha Sterling, one of the known housing societes in Thane, brings classic yet modern 2,3,4 BHK apartments in Kolshet Road. This society offers apartments in the price range of Rs. 1.59 - 4.99 Cr. Lodha Sterling 's RERA registration number is P51700020158. Apartments in Lodha Sterling have CARPET area ranging between 756 - 2,040 sqft",Lodha,,,https://www.99acres.com/lodha-sterling-kolshet-road-thane-npxid-r312425,2 BHK Apartment: ₹1.59 - 2.36 Cr | 3 BHK Apartment: ₹2.05 - 3.25 Cr | 4 BHK Apartment: ₹4.28 - 4.99 Cr,3
410760,PROJECT,Forestville by Oberoi Realty,Forestville by Oberoi Realty,,"Kolshet, Thane West",₹1.96 Cr,,,,,3 BHK,,,,Podar International School | National College,"Check out 3 BHK apartments in Kolshet, now available for sale at Forestville by Oberoi Realty. This society is RERA approved and P51700050312 is the RERA number. Apartments in Forestville by Oberoi Realty have CARPET area ranging between 1,090 sqft. This society offers apartments in the price range of Rs. 1.96 Cr",Oberoi Realty,,,https://www.99acres.com/forestville-by-oberoi-realty-kolshet-mumbai-thane-npxid-r410760,3 BHK Apartment: ₹1.96 Cr,4
440012,PROJECT,Dream Paradise,Dream Paradise,,"khopat, Thane West",₹80.8 L - 1.11 Cr | ₹1.51 - 1.87 Cr,,,,,2 BHK,,,,Suyash Hospital | Dev Corpora,"Dream Paradise, one of the known housing societes in Thane, brings classic yet modern 1,2 BHK apartments in khopat. This society offers apartments in the price range of Rs. 80.8 L - 1.87 Cr. Dream Paradise is a RERA- registered society and P51700078571 is the RERA registration number. Apartments in Dream Paradise have CARPET area ranging between 411 - 691 sqft",Dream Group of Companies,,,https://www.99acres.com/dream-paradise-khopat-mumbai-thane-npxid-r440012,1 BHK Apartment: ₹80.8 L - 1.11 Cr | 2 BHK Apartment: ₹1.51 - 1.87 Cr,4
326897,PROJECT,T Bhimjyani Verraton,T Bhimjyani Verraton,,"Manpada, Thane",₹1.3 - 2.12 Cr | ₹1.66 - 3.11 Cr | ₹3.11 - 3.38 Cr,,,,,4 BHK,,,,Twins English High School | D.A.V. Public School,"Beautiful 2,3,4 BHK apartments in Manpada, are now available in T Bhimjyani Verraton housing project. T Bhimjyani Verraton is a RERA- registered society and P51700004591 is the RERA registration number. Apartment prices in this housing society vary in the range of Rs. 1.3 - 3.38 Cr. Here units have different sizes, mostly in range of 610 - 1,469 sqft CARPET area",T Bhimjyani Realty,,,https://www.99acres.com/t-bhimjyani-verraton-manpada-mumbai-thane-npxid-r326897,2 BHK Apartment: ₹1.3 - 2.12 Cr | 3 BHK Apartment: ₹1.66 - 3.11 Cr | 4 BHK Apartment: ₹3.11 - 3.38 Cr,4
G88429234,PROPERTY,"3 BHK Flat in Kolshet Road, Thane","3 BHK Flat in Kolshet Road, Thane",Godrej Ascend,"Kolshet Road, Thane",₹1.71 Cr,"₹22,470 /sqft",761 sqft,(71 sqm),Carpet Area,3 BHK,3,Under Construction,17th out of 41 Floors | Overlooking Main Road,,"This is your chance to a 3 bhk apartment / flat for sale in godrej ascend kolshet road thane . Where luxury comes with affordability. Basic details: You will love this bright and spacious 3 bedroom apartment with 3 bathrooms, modular kitchen, spacious hall and 0 balconies.The balcony offers a great view and is a place to enjoy at any time. This house provides ample natural light and has good ve...",Owner,5mo ago,,https://www.99acres.com/3-bhk-bedroom-apartment-flat-for-sale-in-godrej-ascend-kolshet-road-thane-761-sqft-spid-G88429234,,4
444098,PROJECT,Balsunder Trividh,Balsunder Trividh,,"Naupada, Thane West",₹2.02 - 2.2 Cr | ₹3.15 Cr,,,,,3 BHK,,,,Medicare Hosiptal | Saraswati Education Society,"Looking for your dream home? Explore 2,3 BHK apartments in Naupada, now available in Balsunder Trividh. This society is RERA approved and P51700077697 is the RERA number. Apartments in Balsunder Trividh have CARPET area ranging between 744 - 1,166 sqft. Apartment prices in this housing society vary in the range of Rs. 2.02 - 3.15 Cr",Balsunder CHSL,,,https://www.99acres.com/balsunder-trividh-naupada-mumbai-thane-npxid-r444098,2 BHK Apartment: ₹2.02 - 2.2 Cr | 3 BHK Apartment: ₹3.15 Cr,4
G89374165,PROPERTY,"1 BHK Flat in Shree Nagar, Thane West","1 BHK Flat in Shree Nagar, Thane West",Kaushik Shree CHS,"Shree Nagar, Thane West",₹97 Lac,"₹16,581 /sqft",585 sqft,(54 sqm),Carpet Area,1 BHK,1,Ready To Move,4th out of 4 Floors | Overlooking Main Road,,"Containing 1 bedroom(s), 1 bathroom , this flat is spread over a carpet area of 585 sq.Ft. The flat has a total of 4 floors and this property is situated on top floor. This is a ready to move project and the property is 10+ years old.",Owner,1w ago,,https://www.99acres.com/1-bhk-bedroom-apartment-flat-for-sale-in-kaushik-shree-chs-shree-nagar-mumbai-thane-585-sqft-spid-G89374165,,4
420942,PROJECT,Larkins 315 Rio B,Larkins 315 Rio B,,"Panch Pakhadi, Thane West",₹1.5 - 1.6 Cr | ₹2.44 - 2.55 Cr,,,,,3 BHK,,,,National Highway 48 | Korum Mall,"Choose your dream home from the wide variety of 2,3 BHK apartments in Panch Pakhadi, available for sale in Larkins 315 Rio B. Larkins 315 Rio B apartments are available in multiples sizes, ranging from 612 - 982 sqft CARPET area. The housing society is RERA-registered with P51700052258 registration number. This society offers apartments in the price range of Rs. 1.5 - 2.55 Cr",Larkins Group,,,https://www.99acres.com/larkins-315-rio-b-panch-pakhadi-mumbai-thane-npxid-r420942,2 BHK Apartment: ₹1.5 - 1.6 Cr | 3 BHK Apartment: ₹2.44 - 2.55 Cr,4
442835,PROJECT,Vihang Thane Infinity,Vihang Thane Infinity,,"Ghodbunder Road, Thane",₹55 - 55.38 L | ₹84.99 - 86.36 L,,,,,2 BHK,,,,MBC Park | G Corp Business Hub,"Check out 1,2 BHK apartments in Ghodbunder Road, now available for sale at Vihang Thane Infinity. Here units have different sizes, mostly in range of 430 - 631 sqft CARPET area. This society is RERA approved and P51700080101 is the RERA number. Apartments in this complex are available in price range of Rs. 55 - 86.36 L",Vihang Group,,,https://www.99acres.com/vihang-thane-infinity-ghodbunder-road-mumbai-thane-npxid-r442835,1 BHK Apartment: ₹55 - 55.38 L | 2 BHK Apartment: ₹84.99 - 86.36 L,4
Q89351791,PROPERTY,"2 BHK Flat in Kolshet Road, Thane","2 BHK Flat in Kolshet Road, Thane",Lodha Amara,"Kolshet Road, Thane",₹1.35 Cr,"₹19,852 /sqft",680 sqft,(63 sqm),Carpet Area,2 BHK,2,Ready To Move,3rd out of 40 Floors | Overlooking Park,,"This 2 bhk flat on the 3rd floor of a 40-Story high-Rise at lodha amara, kolshet road, thane, offers 680 sq.Ft. Of well-Planned living space. A 5-10 year old, vaastu-Compliant home, it comes furnished with 2 bedrooms, 2 bathrooms, and immediate availability. Residents benefit from amenities like a gym, pool, clubhouse, power backup, and easy access to schools, malls, and transport. Residential ...",Owner,3mo ago,,https://www.99acres.com/2-bhk-bedroom-apartment-flat-for-sale-in-lodha-amara-kolshet-road-thane-680-sqft-spid-Q89351791,,4
376248,PROJECT,Raunak 108,Raunak 108,,"Owale, Ghodbunder Road",₹59.84 - 71 L,,,,,1 BHK,,,,New Horizon Scholar School | Big Shopping Centre,"Spacious 1 BHK apartments in Owale are available for sale.Check out latest property options at Raunak 108 housing society. This society offers apartments in the price range of Rs. 59.84 - 71 L. This society is RERA approved and P51700028435 is the RERA number. Here units have different sizes, mostly in range of 347 - 412 sqft CARPET area",Raunak Group,,,https://www.99acres.com/raunak-108-owale-mumbai-thane-npxid-r376248,1 BHK Apartment: ₹59.84 - 71 L,4
Q91717656,PROPERTY,"2 BHK Flat in your relationship manager, Thane","2 BHK Flat in your relationship manager, Thane",hubtown greenwood,"your relationship manager, Thane",₹1.45 Cr,"₹17,365 /sqft",835 sqft,(78 sqm),Super Built-up Area,2 BHK,2,Ready To Move,16th out of 30 Floors,,"We are the proud owners of this 2 bhk apartment available in hubtown greenwood, your relationship manager, thane. This it is a and the unit is located on 16th floor and has a super built-Up area of 835 sq.Ft. . It has 2 bathroom(s). The ownership is freehold type.",Owner,2mo ago,,https://www.99acres.com/2-bhk-bedroom-apartment-flat-for-sale-in-mumbai-thane-835-sqft-spid-Q91717656,,4
227491,PROJECT,Vakratunda Residency,Vakratunda Residency,,"Dhokali, Thane West",₹72 - 78.48 L | ₹1.18 - 1.33 Cr,,,,,2 BHK,,,,,"Vakratunda Residency society now offers elegantly built 1,2 BHK apartments in Dhokali. This society offers apartments in the price range of Rs. 72 L - 1.33 Cr. Vakratunda Residency apartments are available in multiples sizes, ranging from 600 - 1,110 sqft SUPER area. Apartments at Vakratunda Residency is currently Ready To Move",Vakratunda Group,,,https://www.99acres.com/vakratunda-residency-dhokali-naka-mumbai-thane-npxid-r227491,1 BHK Apartment: ₹72 - 78.48 L | 2 BHK Apartment: ₹1.18 - 1.33 Cr,4
383882,PROJECT,Rustomjee Uptown Urbania,Rustomjee Uptown Urbania,,"Majiwada, Thane",₹1.46 - 1.75 Cr | ₹2.19 - 2.9 Cr,,,,,3 BHK,,,,NH 48 | Narayana Academy,"Finest 2,3 BHK apartments in Majiwada available for sale in Rustomjee Uptown Urbania. Apartments in this complex are available in price range of Rs. 1.46 - 2.9 Cr. This society is RERA approved and P51700032262 is the RERA number. Rustomjee Uptown Urbania apartments are available in multiples sizes, ranging from 585 - 1,161 sqft CARPET area",Rustomjee Builders,,,https://www.99acres.com/rustomjee-uptown-urbania-majiwada-mumbai-thane-npxid-r383882,2 BHK Apartment: ₹1.46 - 1.75 Cr | 3 BHK Apartment: ₹2.19 - 2.9 Cr,4
11372,PROJECT,Sheth Avalon,Sheth Avalon,,"Laxmi Nagar, Thane West",₹4.15 - 4.64 Cr | ₹5.15 - 7.15 Cr | ₹8.15 Cr,,,,,5 BHK,,,,Mumbai - Agra National Highway | C.P. Goenka International School,"Spacious 3,4,5 BHK apartments in Laxmi Nagar are available for sale.Check out latest property options at Sheth Avalon housing society. Here units have different sizes, mostly in range of 1,455 - 2,722 sqft CARPET area. Apartment prices in this housing society vary in the range of Rs. 4.15 - 8.15 Cr. This society is RERA approved and P51700001729 is the RERA number",Ashwin Sheth Group,,,https://www.99acres.com/sheth-avalon-laxmi-nagar-mumbai-thane-npxid-r11372,3 BHK Apartment: ₹4.15 - 4.64 Cr | 4 BHK Apartment: ₹5.15 - 7.15 Cr | 5 BHK Apartment: ₹8.15 Cr,4
373005,PROJECT,Pushpak Larkins 315 Fio,Pushpak Larkins 315 Fio,,"Panch Pakhadi, Thane West",₹1.19 - 1.47 Cr | ₹1.52 - 1.96 Cr | ₹2.82 - 3.07 Cr,,,,,3 BHK,,,,Aadhar Hospital | Creative High School,"Looking for your dream home? Explore 1,2,3 BHK apartments in Panch Pakhadi, now available in Pushpak Larkins 315 Fio. This society offers apartments in the price range of Rs. 1.19 - 3.07 Cr. Pushpak Larkins 315 Fio has apartments in multiple configurations, in range of 398 - 1,024 sqft. Pushpak Larkins 315 Fio is a RERA- registered society and P51700027115 is the RERA registration number",Pushpak Developers,,,https://www.99acres.com/pushpak-larkins-315-fio-panch-pakhadi-mumbai-thane-npxid-r373005,1 BHK Apartment: ₹1.19 - 1.47 Cr | 2 BHK Apartment: ₹1.52 - 1.96 Cr | 3 BHK Apartment: ₹2.82 - 3.07 Cr,4
6936,PROJECT,Sheth Vasant Lawns,Sheth Vasant Lawns,,"Majiwada, Thane",₹1.95 Cr | ₹2.5 Cr | ₹3.45 Cr,,,,,4 BHK,,,,"TCS, Yantra Park | Pokharan Rd Number 2","Check out 2,3,4 BHK apartments in Majiwada, now available for sale at Sheth Vasant Lawns. Apartments in Sheth Vasant Lawns have CARPET area ranging between 840 - 1,418 sqft. Sheth Vasant Lawns 's RERA registration number is P51700003655. Apartment prices in this housing society vary in the range of Rs. 1.95 - 3.45 Cr",Ashwin Sheth Group,,,https://www.99acres.com/sheth-vasant-lawns-majiwada-mumbai-thane-npxid-r6936,2 BHK Apartment: ₹1.95 Cr | 3 BHK Apartment: ₹2.5 Cr | 4 BHK Apartment: ₹3.45 Cr,4
438126,PROJECT,Squarefeet Debonair Classic,Squarefeet Debonair Classic,,"Panch Pakhadi, Thane West",₹1.57 - 1.8 Cr | ₹2.17 - 3.43 Cr | ₹4.75 - 5.55 Cr,,,,,4 BHK,,,,Saraswati High School & Junior College | N.K.T.T College of Commerce,"Squarefeet Debonair Classic society now offers elegantly built 2,3,4 BHK apartments in Panch Pakhadi. Apartments in this complex are available in price range of Rs. 1.57 - 5.55 Cr. The housing society is RERA-registered with P51700078007 registration number. Squarefeet Debonair Classic has apartments in multiple configurations, in range of 644 - 2,206 sqft",Squarefeet Group,,,https://www.99acres.com/squarefeet-debonair-classic-panch-pakhadi-mumbai-thane-npxid-r438126,2 BHK Apartment: ₹1.57 - 1.8 Cr | 3 BHK Apartment: ₹2.17 - 3.43 Cr | 4 BHK Apartment: ₹4.75 - 5.55 Cr,4
269071,PROJECT,Sheth Zuri,Sheth Zuri,,"Laxmi Nagar, Thane West",₹1.17 Cr | ₹1.42 - 1.8 Cr,,,,,2 BHK,,,,"Jupiter Hospital, Thane | Cadbury Junction","Choose your dream home from the wide variety of 1,2 BHK apartments in Laxmi Nagar, available for sale in Sheth Zuri. This society offers apartments in the price range of Rs. 1.17 - 1.8 Cr. Sheth Zuri is a RERA- registered society and P51700007274 is the RERA registration number. Sheth Zuri has apartments in multiple configurations, in range of 426 - 654 sqft",Ashwin Sheth Group,,,https://www.99acres.com/sheth-zuri-laxmi-nagar-mumbai-thane-npxid-r269071,1 BHK Apartment: ₹1.17 Cr | 2 BHK Apartment: ₹1.42 - 1.8 Cr,4
272903,PROJECT,Samrin Heritage,Samrin Heritage,,"Panch Pakhadi, Thane West",₹91.75 L - 1.05 Cr | ₹1.76 - 2.01 Cr | ₹2.68 Cr,,,,,3 BHK,,,,Thane Railway Station | Eastern express highway,"Check out 1,2,3 BHK apartments in Panch Pakhadi, now available for sale at Samrin Heritage. Samrin Heritage 's RERA registration number is P51700016394. Apartments in Samrin Heritage have CARPET area ranging between 367 - 1,073 sqft. Prices of apartments in this project, vary between Rs. 91.75 L - 2.68 Cr",Samrin Group,,,https://www.99acres.com/samrin-heritage-panch-pakhadi-mumbai-thane-npxid-r272903,1 BHK Apartment: ₹91.75 L - 1.05 Cr | 2 BHK Apartment: ₹1.76 - 2.01 Cr | 3 BHK Apartment: ₹2.68 Cr,4
8484,PROJECT,Rustomjee Azziano,Rustomjee Azziano,,"Majiwada, Thane",₹1.28 - 1.43 Cr | ₹2.06 - 2.15 Cr,,,,,3 BHK,,,,Rustomjee Cambridge International School | Mumbai Agra National Highway,"Rustomjee Azziano, one of the known housing societes in Thane, brings classic yet modern 2,3 BHK apartments in Majiwada. This society offers apartments in the price range of Rs. 1.28 - 2.15 Cr. Rustomjee Azziano is a RERA- registered society and P51700001453 is the RERA registration number. Rustomjee Azziano apartments are available in multiples sizes, ranging from 726 - 1,052 sqft CARPET area",Rustomjee Builders,,,https://www.99acres.com/rustomjee-azziano-majiwada-mumbai-thane-npxid-r8484,2 BHK Apartment: ₹1.28 - 1.43 Cr | 3 BHK Apartment: ₹2.06 - 2.15 Cr,4
179379,PROJECT,One Hiranandani Park,One Hiranandani Park,,"Hiranandani Estate, Thane",₹1.18 - 1.24 Cr | ₹1.55 Cr | ₹4.6 - 4.78 Cr | ₹5.66 - 7.5 Cr,,,,,4 BHK,,,,"Hiranandani Hospital, Thane | Orchids The International School Thane","Here are beautifully built 1,2,3,4 BHK apartments in Hiranandani Estate, available for sale at One Hiranandani Park. Apartments in this complex are available in price range of Rs. 1.18 - 7.5 Cr. This society is RERA approved and P51700000089 is the RERA number. One Hiranandani Park apartments are available in multiples sizes, ranging from 434 - 2,250 sqft CARPET area",Hiranandani Developers,,,https://www.99acres.com/one-hiranandani-park-hiranandani-estate-mumbai-thane-npxid-r179379,1 BHK Apartment: ₹1.18 - 1.24 Cr | 2 BHK Apartment: ₹1.55 Cr | 3 BHK Apartment: ₹4.6 - 4.78 Cr | 4 BHK Apartment: ₹5.66 - 7.5 Cr,4
330299,PROJECT,Eternia at Kalpataru Parkcity,Eternia at Kalpataru Parkcity,,"Kolshet Road, Thane",₹1.17 - 1.91 Cr | ₹2.19 - 4.08 Cr | ₹5.26 Cr,,,,,4 BHK,,,,Eastern Express Highway | University of Mumbai,"Eternia at Kalpataru Parkcity society now offers elegantly built 2,3,4 BHK apartments in Kolshet Road. Eternia at Kalpataru Parkcity apartments are available in multiples sizes, ranging from 464 - 1,753 sqft CARPET area. Prices of apartments in this project, vary between Rs. 1.17 - 5.26 Cr. The housing society is RERA-registered with P51700020196 registration number",Kalpataru,,,https://www.99acres.com/eternia-at-kalpataru-parkcity-kolshet-road-thane-npxid-r330299,2 BHK Apartment: ₹1.17 - 1.91 Cr | 3 BHK Apartment: ₹2.19 - 4.08 Cr | 4 BHK Apartment: ₹5.26 Cr,4
R89052338,PROPERTY,"2 BHK Flat in Hiranandani Estate, Thane","2 BHK Flat in Hiranandani Estate, Thane",Hiranandani Skylark Enclave,"Hiranandani Estate, Thane",₹2.7 Cr,"₹31,764 /sqft",850 sqft,(79 sqm),Carpet Area,2 BHK,2,Ready To Move,16th out of 28 Floors | Overlooking Park,,"The flat is east-Facing. The flat occupies a carpet area of 850 sq.Ft. That consists of 2 bedrooms, 2 bathrooms . The flat has a total of 28 floors and this property is situated on 16th floor. This 1-5 years old property is available for immediate possession as the project is ready to move. The flat comes well built with marble flooring options. The flat will offer a modern lifestyle as it is p...",IntellAgent,,,https://www.99acres.com/2-bhk-bedroom-apartment-flat-for-sale-in-hiranandani-skylark-enclave-hiranandani-estate-mumbai-thane-850-sqft-spid-R89052338,,4
30184,PROJECT,Highland Haven,Highland Haven,,"Balkum, Thane",₹69.66 - 97.67 L | ₹1 - 1.18 Cr,,,,,2 BHK,,,,GoMechanic - Highway Motors | D.A.V. Public School,"Finest 1,2 BHK apartments in Balkum available for sale in Highland Haven. This society offers apartments in the price range of Rs. 69.66 L - 1.18 Cr. Highland Haven is a RERA- registered society and P51700006850 is the RERA registration number. Highland Haven apartments are available in multiples sizes, ranging from 388 - 656 sqft CARPET area",Siddhi Group Thane,,,https://www.99acres.com/highland-haven-balkum-mumbai-thane-npxid-r30184,1 BHK Apartment: ₹69.66 - 97.67 L | 2 BHK Apartment: ₹1 - 1.18 Cr,4
Q83146396,PROPERTY,"4 BHK Flat in Hiranandani Estate, Thane","4 BHK Flat in Hiranandani Estate, Thane",Hiranandani Lake Enclave,"Hiranandani Estate, Thane",₹6.95 Cr,"₹39,379 /sqft","1,764.86 sqft",(164 sqm),Carpet Area,4 BHK,4,Ready To Move,9th out of 29 Floors | Overlooking Swimming Pool,,"This 4 bhk flat is located in hiranandani lake enclave, which houses some of the most spacious flats in hiranandani estate, thane. The flat is facing the east direction. Containing 4 bedroom(s), 4 bathrooms and 1 balcony, this flat is spread over a carpet area of 1765 sq.Ft. This flat lies on the 9th level of a 29 storey building. As the project is already ready to move, so you can easily move ...",IntellAgent,,,https://www.99acres.com/4-bhk-bedroom-apartment-flat-for-sale-in-hiranandani-lake-enclave-hiranandani-estate-mumbai-thane-1765-sqft-spid-Q83146396,,4
